{"cameraMode":{"drawMode":0,"name":"Shaded","section":"Shading Mode"},"sceneLighting":true,"audioPlay":false,"sceneViewState":{"showFog":true,"showMaterialUpdate":false,"showSkybox":true,"showFlares":true,"showImageEffects":true,"showParticleSystems":true},"in2DMode":false,"pivot":{"x":-12.215018272399903,"y":-17.450788497924806,"z":-4.262866973876953},"rotation":{"x":-0.12276941537857056,"y":-0.060403455048799518,"z":0.007486232090741396,"w":-0.9905684590339661},"size":3.424940347671509,"orthographic":false}